{
    "1": {
        "Precision": 0.7301671382968342,
        "Recall": 0.6647629925756711
    },
    "2": {
        "Precision": 0.7654566396670878,
        "Recall": 0.8304377620122542
    },
    "3": {
        "Precision": 0.8880819198845182,
        "Recall": 0.8683398023994354
    },
    "4": {
        "Precision": 0.760304585333554,
        "Recall": 0.8664402942840973
    },
    "5": {
        "Precision": 0.7573385518590998,
        "Recall": 0.823404255319149
    },
    "6": {
        "Precision": 0.5579567779960707,
        "Recall": 0.7376623376623377
    },
    "7": {
        "Precision": 0.7512562814070352,
        "Recall": 0.8147138964577657
    },
    "8": {
        "Precision": 0.7789890981169475,
        "Recall": 0.672945205479452
    },
    "9": {
        "Precision": 0.7493036211699164,
        "Recall": 0.7451523545706371
    },
    "10": {
        "Precision": 0.853397341211226,
        "Recall": 0.9629166666666666
    },
    "11": {
        "Precision": 0.7586206896551724,
        "Recall": 0.8198757763975155
    },
    "12": {
        "Precision": 0.8888888888888888,
        "Recall": 0.9420931468036126
    },
    "13": {
        "Precision": 0.558252427184466,
        "Recall": 0.6609195402298851
    },
    "14": {
        "Precision": 0.6624338624338625,
        "Recall": 0.6879120879120879
    },
    "15": {
        "Precision": 0.8835707925200356,
        "Recall": 0.7574427480916031
    },
    "16": {
        "Precision": 0.08333333333333333,
        "Recall": 0.047619047619047616
    }
}