{
    "1": {
        "precision": [
            0.0,
            0.0,
            0.0,
            0.0,
            0.0,
            0.0,
            0.0,
            0.0,
            0.0,
            0.0,
            0.0,
            0.0,
            0.0,
            0.0,
            0.0,
            0.0,
            0.0
        ],
        "recall": [
            1.0,
            0.0,
            0.0,
            0.0,
            0.0,
            0.0,
            0.0,
            0.0,
            0.0,
            0.0,
            0.0,
            0.0,
            0.0,
            0.0,
            0.0,
            0.0,
            0.0
        ],
        "conf_thresh": [
            0.0,
            0.05,
            0.1,
            0.15000000000000002,
            0.2,
            0.25,
            0.30000000000000004,
            0.35000000000000003,
            0.4,
            0.45,
            0.5,
            0.55,
            0.6000000000000001,
            0.65,
            0.7000000000000001,
            0.75,
            0.8
        ]
    },
    "2": {
        "precision": [
            0.0,
            0.0,
            0.0,
            0.0,
            0.0,
            0.0,
            0.0,
            0.0,
            0.0,
            0.0,
            0.0,
            0.0,
            0.0,
            0.0,
            0.0,
            0.0,
            0.0,
            0.0
        ],
        "recall": [
            1.0,
            0.0,
            0.0,
            0.0,
            0.0,
            0.0,
            0.0,
            0.0,
            0.0,
            0.0,
            0.0,
            0.0,
            0.0,
            0.0,
            0.0,
            0.0,
            0.0,
            0.0
        ],
        "conf_thresh": [
            0.0,
            0.05,
            0.1,
            0.15000000000000002,
            0.2,
            0.25,
            0.30000000000000004,
            0.35000000000000003,
            0.4,
            0.45,
            0.5,
            0.55,
            0.6000000000000001,
            0.65,
            0.7000000000000001,
            0.75,
            0.8,
            0.8500000000000001
        ]
    },
    "3": {
        "precision": [
            0.0,
            0.9119145513049696,
            0.9119145513049696,
            0.9119145513049696,
            0.9119145513049696,
            0.9119145513049696,
            0.9245037372870971,
            0.9365601208079029,
            0.9470468760074795,
            0.9558171103165144,
            0.9627942681678608,
            0.9696921556167478,
            0.9763020064915905,
            0.9810653676932747,
            0.9858957512045554,
            0.9906573239906573,
            0.9928425357873211,
            0.9900990099009901,
            1.0,
            0.0
        ],
        "recall": [
            1.0,
            0.6750066160903316,
            0.6750066160903316,
            0.6750066160903316,
            0.6750066160903316,
            0.6750066160903316,
            0.6655676605504587,
            0.6565256704304869,
            0.6478365384615384,
            0.636677399435427,
            0.6223425370501059,
            0.6057582039520113,
            0.5837486767819337,
            0.5507674664784756,
            0.4963832039520113,
            0.392863443895554,
            0.21414079040225828,
            0.017642907551164433,
            0.00039696541990119974,
            0.0
        ],
        "conf_thresh": [
            0.0,
            0.05,
            0.1,
            0.15000000000000002,
            0.2,
            0.25,
            0.30000000000000004,
            0.35000000000000003,
            0.4,
            0.45,
            0.5,
            0.55,
            0.6000000000000001,
            0.65,
            0.7000000000000001,
            0.75,
            0.8,
            0.8500000000000001,
            0.9,
            0.9500000000000001
        ]
    },
    "4": {
        "precision": [
            0.0,
            0.0,
            0.0,
            0.0,
            0.0,
            0.0,
            0.0,
            0.0,
            0.0,
            0.0,
            0.0,
            0.0,
            0.0,
            0.0,
            0.0,
            0.0,
            0.0,
            0.0,
            0.0
        ],
        "recall": [
            1.0,
            0.0,
            0.0,
            0.0,
            0.0,
            0.0,
            0.0,
            0.0,
            0.0,
            0.0,
            0.0,
            0.0,
            0.0,
            0.0,
            0.0,
            0.0,
            0.0,
            0.0,
            0.0
        ],
        "conf_thresh": [
            0.0,
            0.05,
            0.1,
            0.15000000000000002,
            0.2,
            0.25,
            0.30000000000000004,
            0.35000000000000003,
            0.4,
            0.45,
            0.5,
            0.55,
            0.6000000000000001,
            0.65,
            0.7000000000000001,
            0.75,
            0.8,
            0.8500000000000001,
            0.9
        ]
    },
    "5": {
        "precision": [
            0.0,
            0.0,
            0.0,
            0.0,
            0.0,
            0.0,
            0.0,
            0.0,
            0.0
        ],
        "recall": [
            1.0,
            0.0,
            0.0,
            0.0,
            0.0,
            0.0,
            0.0,
            0.0,
            0.0
        ],
        "conf_thresh": [
            0.0,
            0.05,
            0.1,
            0.15000000000000002,
            0.2,
            0.25,
            0.30000000000000004,
            0.35000000000000003,
            0.4
        ]
    },
    "8": {
        "precision": [
            0.0,
            0.0,
            0.0,
            0.0,
            0.0,
            0.0,
            0.0,
            0.0,
            0.0,
            0.0,
            0.0,
            0.0,
            0.0,
            0.0,
            0.0,
            0.0
        ],
        "recall": [
            1.0,
            0.0,
            0.0,
            0.0,
            0.0,
            0.0,
            0.0,
            0.0,
            0.0,
            0.0,
            0.0,
            0.0,
            0.0,
            0.0,
            0.0,
            0.0
        ],
        "conf_thresh": [
            0.0,
            0.05,
            0.1,
            0.15000000000000002,
            0.2,
            0.25,
            0.30000000000000004,
            0.35000000000000003,
            0.4,
            0.45,
            0.5,
            0.55,
            0.6000000000000001,
            0.65,
            0.7000000000000001,
            0.75
        ]
    },
    "9": {
        "precision": [
            0.0,
            0.0,
            0.0,
            0.0,
            0.0,
            0.0,
            0.0,
            0.0,
            0.0,
            0.0,
            0.0,
            0.0,
            0.0
        ],
        "recall": [
            1.0,
            0.0,
            0.0,
            0.0,
            0.0,
            0.0,
            0.0,
            0.0,
            0.0,
            0.0,
            0.0,
            0.0,
            0.0
        ],