{
    "small-vehicle": 0.0005920337563631463,
    "large-vehicle": 9.609506810459672e-05,
    "ship": 0.0005597314401899727,
    "harbor": 0.0006621340082459734,
    "baseball-diamond": 0.0030736827725062294,
    "soccer-ball-field": 0.024422121373814335,
    "ground-track-field": 0.010292432247165242,
    "swimming-pool": 3.0431735700184313e-05,
    "roundabout": 0.0007920792079207921,
    "tennis-court": 0.0006064355661345234,
    "basketball-court": 0.004142552334535333,
    "plane": 0.005480712535849674,
    "helicopter": 0.006126237623762375,
    "bridge": 0.0005324117317392116,
    "storage-tank": 0.0002108018669530806,
    "container-crane": 0.0
}